Customer Id,Customer Name,Customer Age,Booking Of Days,ID Proof,ID Number,Required Room,Type Of Room,Number Of Person
5001,Rahul Gupta,43,3,Voter Id,YUD87879,1,Non AC,2
5002,Mahesh Sharma,57,5,Driving Licence,MP045487963212,2,AC,5
5003,Ankita verma,26,1,Driving Licence,MP045487963200,1,AC,1
5004,Aditya Sihare,25,3,Driving Licence,MP044545647765,1, AC,2
5005,Ragini Das,36,4,Driving Licence,MP044644254548,2,AC,4
5006,Surbhi Kulkarni,21,1,Adhar Card,1245-4056-1565,3,Non AC,6
5007,Sakshi Rai,66,4,Adhar Card,4125-5265-6869,1,AC,2
5008,Anamika gupta,34,1,Adhar Card,2102-3225-5565,2,AC,5
5009,Aditi Jain,41,2,Adhar Card,2102-5555-5599,1,Non AC,5
5010,Paritosh Mishra,25,2,Voter Id,YER589466,2,AC,4
5011,Hardik Pandey,32,3,Voter Id,TYU321564,2,AC,3
5012,Ankita jain,21,1,Voter Id,UPO458954,1,Non AC,1
5013,Atif Khan,54,1,Adhar Card,4512-5654-8987,1,Non AC,2
5014,Akshay tiwari,25,2,Adhar Card,4875-9856-9851,2,Non AC,5
5015,Nikhil Demla,24,2,Adhar Card,1254-8547-3215,1,Non AC,4
5016,Mayank Sharma,27,1,Voter Id,TYR0974542,4,AC,4
5017,Akshay Jain,24,2,Voter Id,OUS0981122,1,Non AC,2
5018,Jay Prakash,34,1,Driving Licence,AP045582665,2,Non AC,5
5019,Prashant Gurjar,60,4,Driving Licence,UP094654454,1,AC,2
5020,Adarsh Agrwal,54,2,Driving Licence,MP02256546,2,AC,3
5021,Varsha Gupta,42,4,Driving Licence,DH02554558,2,AC,1
5022,Waqar khan,54,2,Voter Id,EOMF23552,4,Non AC,6
5023,Anita sharma,41,1,Voter Id,WEQ548633,2,Non AC,4
5024,Priyanshi goyal,25,1,Voter Id,TYU321564,1,AC,3
5025,Akshat verma,24,3,Driving Licence,MP04563363,3,AC,5
5026,Harpreet singh,47,2,Driving Licence,PUN4579622,2,AC,2
5027,Prem kaur,29,1,Adhar Card,4588-6689-3326,1,Non AC,3
5028,Salman Khan,28,2,Adhar Card,4551-6546-6135,3,AC,4
5029,Ajay Bhosle,35,3,Adhar Card,2356-7845-8912,2,AC,3
5030,Ravi singh,62,2,Adhar Card,1245-5689-7845,3,AC,3
5031,Himanshu yadav,38,1,Driving Licence,MP0254825,2,AC,5
5032,Vishrut Mishra,37,1,Driving Licence,MP0266853,2,Non AC,4
5033,Akshay Sharma,24,2,Driving Licence,MP0455623,2,AC,3
5034,Juhi Tripatti,31,2,Adhar Card,2315-4562-8965,1,AC,2
5035,Jicin Jacob,46,2,Adhar Card,2135-4568-4121,2,Non AC,2
5036,Afreen Khan,53,3,Voter Id,TYR546388,3,Non AC,2
5037,Shivani Tripati,44,1,Voter Id,TYR545565,2,Non AC,4
5038,Aarav Sharma,36,2,Voter Id,QWE54963,3,AC,2
5039,Avdesh Chouadry,54,2,Adhar Card,4521-8988-5545,2,AC,4
5040,Aditi Mehra,49,3,Adhar Card,2501-3655-2221,2,Non AC,2
5041,Nitin Mehta,26,1,Adhar Card,1223-3335-6656,3,Non AC,3
5042,Mayank verma,25,1,Voter Id,QWS548963,2,Non AC,2
5043,Avantika Singh,39,2,Voter Id,LKJ2547896,2,AC,5
5044,Danish khan,34,2,Adhar Card,1288-5564-9984,3,Non AC,4
5045,Shalu Saxena,29,3,Adhar Card,1452-6635-8922,1,AC,1
5046,Pallavi Joshi,48,2,Adhar Card,3265-5657-5665,4,AC,6
5047,Deepak Kumar ,29,2,Voter Id,IUY784562,1,Non AC,2
5048,Nitin Panchani,35,1,Voter Id,MNB21035,2,Non AC,3
5049,Akaash Gupta,55,2,Voter Id,MHJ254136,2,AC,2
5050,Nishant Kalra,23,3,Aadhar Card,9143-7344-0507,1,AC,1
